date,OIL,CPI,USD,FED,IND
2006-01-31,63.19,199.3,99.4311,4.29,98.1999
2006-02-28,59.78,199.4,99.7695,4.49,98.2413
2006-03-31,66.06,199.7,100.56,4.59,98.4628
2006-04-30,72.15,200.7,98.1412,4.79,98.7618
2006-05-31,67.57,201.3,97.7705,4.94,98.7869
2006-06-30,73.2,201.8,98.2483,4.99,99.0997
2006-07-31,74.75,202.9,97.9996,5.24,99.0489
2006-08-31,67.66,203.8,97.644,5.25,99.4836
2006-09-30,59.09,202.8,98.1054,5.25,99.3183
2006-10-31,56.13,201.9,97.3901,5.25,99.2044
2006-11-30,64.36,202.0,96.5779,5.25,99.1627
2006-12-31,58.96,203.1,97.0312,5.24,100.1735
2007-01-31,56.52,203.437,97.964,5.25,99.8346
2007-02-28,59.39,204.226,97.2386,5.26,100.7753
2007-03-31,68.47,205.288,96.3183,5.26,100.9547
2007-04-30,67.23,205.904,94.8365,5.25,101.6334
2007-05-31,68.18,206.755,94.3215,5.25,101.7306
2007-06-30,72.22,207.234,94.1393,5.25,101.7893
2007-07-31,77.01,207.603,93.4264,5.26,101.6672
2007-08-31,72.29,207.667,93.6674,5.02,101.863
2007-09-30,80.97,208.547,90.9446,4.94,102.0894
2007-10-31,89.87,209.19,89.1389,4.76,101.8015
2007-11-30,88.71,210.834,89.6212,4.49,102.3446
2007-12-31,93.68,211.445,89.6304,4.24,102.3803
2008-01-31,91.58,212.174,88.6547,3.94,102.2448
2008-02-29,100.9,212.687,87.1654,2.98,101.8438
2008-03-31,102.33,213.448,86.6881,2.61,101.5336
2008-04-30,111.12,213.942,86.8907,2.28,100.8785
2008-05-31,127.85,215.208,86.5504,1.98,100.2674
2008-06-30,138.4,217.463,86.7621,2.0,100.0335
2008-07-31,124.1,219.016,86.8567,2.01,99.676
2008-08-31,113.49,218.69,90.0567,2.0,98.1111
2008-09-30,93.52,218.877,92.3773,1.81,93.7895
2008-10-31,60.0,216.995,99.7662,0.97,94.7219
2008-11-30,47.72,213.153,101.6468,0.39,93.4715
2008-12-31,35.82,211.398,98.6518,0.16,90.8357
2009-01-31,44.17,211.933,102.1169,0.15,88.57
2009-02-28,44.41,212.705,104.9284,0.22,88.031
2009-03-31,46.13,212.495,102.3761,0.18,86.6528
2009-04-30,50.3,212.709,100.1042,0.15,85.9344
2009-05-31,64.98,213.022,95.268,0.18,85.0665
2009-06-30,68.11,214.79,96.3761,0.21,84.7459
2009-07-31,70.08,214.726,94.2526,0.16,85.7027
2009-08-31,69.02,215.445,94.6202,0.16,86.6426
2009-09-30,65.82,215.861,93.1907,0.15,87.4063
2009-10-31,74.91,216.509,92.6207,0.12,87.6419
2009-11-30,77.77,217.234,91.3717,0.12,88.0221
2009-12-31,77.91,217.347,92.9124,0.12,88.3793
2010-01-31,71.2,217.488,93.7638,0.11,89.3426
2010-02-28,76.36,217.281,93.6602,0.13,89.6779
2010-03-31,80.37,217.353,92.8987,0.16,90.2928
2010-04-30,86.19,217.403,92.8423,0.2,90.5991
2010-05-31,73.0,217.29,96.3062,0.2,91.823
2010-06-30,74.94,217.199,95.9934,0.18,91.9928
2010-07-31,77.5,217.605,93.2793,0.18,92.3421
2010-08-31,75.51,217.923,94.7204,0.19,92.6805
2010-09-30,80.77,218.275,91.3415,0.19,92.9537
2010-10-31,82.47,219.035,90.0935,0.19,92.6903
2010-11-30,86.02,219.59,92.1494,0.19,92.7709
2010-12-31,93.23,220.472,90.5146,0.18,93.6787
2011-01-31,98.97,221.187,89.694,0.17,93.4814
2011-02-28,112.27,221.898,88.9391,0.16,93.1102
2011-03-31,116.94,223.046,88.0299,0.14,94.0788
2011-04-30,126.59,224.093,85.5999,0.1,93.7749
2011-05-31,117.18,224.806,86.656,0.09,93.888
2011-06-30,111.71,224.806,86.4786,0.09,94.172
2011-07-31,115.93,225.395,85.7282,0.07,94.636
2011-08-31,116.48,226.106,86.7739,0.1,95.2749
2011-09-30,105.42,226.597,91.9998,0.08,95.1961
2011-10-31,108.43,226.75,89.2053,0.07,95.8568
2011-11-30,111.22,227.169,91.4728,0.08,95.8485
2011-12-31,108.09,227.223,92.4262,0.07,96.3571
2012-01-31,110.26,227.842,90.5538,0.08,96.9318
2012-02-29,122.23,228.329,89.7487,0.1,97.2435
2012-03-31,123.41,228.807,90.4593,0.13,96.74
2012-04-30,118.66,229.187,90.3634,0.14,97.4359
2012-05-31,103.86,228.713,94.6856,0.16,97.6609
2012-06-30,94.17,228.524,92.9096,0.16,97.6663
2012-07-31,105.93,228.59,92.8422,0.16,97.8713
2012-08-31,113.93,229.918,92.1677,0.13,97.4525
2012-09-30,111.36,231.015,90.8342,0.14,97.381
2012-10-31,109.89,231.638,91.1609,0.16,97.7193
2012-11-30,110.84,231.249,91.1038,0.16,98.0777
2012-12-31,110.8,231.221,91.0834,0.16,98.3101
2013-01-31,115.55,231.679,90.798,0.14,98.3342
2013-02-28,112.2,232.937,92.295,0.15,98.7941
2013-03-31,108.46,232.282,92.302,0.14,99.1921
2013-04-30,101.53,231.797,91.3741,0.15,99.1065
2013-05-31,100.43,231.893,93.6076,0.11,99.1839
2013-06-30,102.49,232.445,94.3047,0.09,99.3897
2013-07-31,107.89,232.9,93.5703,0.09,99.0814
2013-08-31,115.97,233.456,94.7541,0.08,99.6543
2013-09-30,107.85,233.544,92.9207,0.08,100.161
2013-10-31,107.53,233.669,92.731,0.09,100.082
2013-11-30,111.07,234.1,93.6291,0.08,100.3158
2013-12-31,109.95,234.719,93.5576,0.09,100.5175
2014-01-31,108.16,235.288,95.1774,0.07,100.1599
2014-02-28,108.98,235.547,94.3879,0.07,100.9168
2014-03-31,105.95,236.028,94.2432,0.08,101.8942
2014-04-30,108.63,236.468,93.8896,0.09,101.9928
2014-05-31,109.21,236.918,93.7606,0.09,102.3836
2014-06-30,111.03,237.231,93.2058,0.1,102.735
2014-07-31,104.94,237.498,94.4467,0.09,102.9632
2014-08-31,101.12,237.46,94.7251,0.09,102.7688
2014-09-30,94.67,237.477,97.5261,0.09,103.0641
2014-10-31,84.17,237.43,98.1163,0.09,103.0764
2014-11-30,71.89,236.983,100.0719,0.09,103.7126
2014-12-31,55.27,236.252,102.2843,0.12,103.7044
2015-01-31,47.52,234.747,105.5884,0.11,102.8905
2015-02-28,61.89,235.342,105.5981,0.11,102.2335
2015-03-31,53.69,235.976,107.4396,0.11,101.8914
2015-04-30,63.9,236.222,105.312,0.12,101.3355
2015-05-31,63.16,237.001,106.7388,0.12,100.8883
2015-06-30,60.31,237.657,106.5191,0.13,100.571
2015-07-31,53.29,238.034,108.7819,0.13,101.2228
2015-08-31,47.97,238.033,110.5621,0.14,101.0367
2015-09-30,47.29,237.498,111.3311,0.14,100.7547
2015-10-31,48.0,237.733,110.2079,0.12,100.2675
2015-11-30,43.73,238.017,112.34,0.12,99.5298
2015-12-31,36.61,237.761,113.3429,0.24,99.0417
2016-01-31,33.14,237.652,115.5731,0.34,99.5607
2016-02-29,35.92,237.336,114.2418,0.38,99.0445
2016-03-31,36.75,238.08,109.9191,0.36,98.3096
2016-04-30,45.64,238.992,108.8274,0.37,98.6421
2016-05-31,49.26,239.557,112.4276,0.37,98.4184
2016-06-30,48.05,240.222,112.1618,0.38,98.8833
2016-07-31,40.76,240.101,111.874,0.39,98.9992
2016-08-31,47.94,240.545,112.4036,0.4,98.85
2016-09-30,48.24,241.176,112.2795,0.4,98.7457
2016-10-31,46.2,241.741,114.0188,0.4,98.7611
2016-11-30,47.95,242.026,117.7636,0.41,98.3491
2016-12-31,54.96,242.637,118.3466,0.54,99.0214
2017-01-31,55.25,243.618,116.2241,0.65,98.7611
2017-02-28,53.36,244.006,116.0032,0.66,98.3646
2017-03-31,52.2,243.892,114.7938,0.79,99.0137
2017-04-30,49.46,244.193,114.7877,0.9,100.0224
2017-05-31,49.4,244.004,113.2956,0.91,100.1408
2017-06-30,47.08,244.163,111.9896,1.04,100.3471
2017-07-31,51.99,244.243,109.8177,1.15,100.1068
2017-08-31,52.69,245.183,109.3686,1.16,99.6925
2017-09-30,57.02,246.435,110.0867,1.15,99.7954
2017-10-31,61.35,246.626,111.8052,1.15,101.0247
2017-11-30,63.53,247.284,110.4648,1.16,101.2664
2017-12-31,66.73,247.805,110.0783,1.3,101.4644
2018-01-31,67.78,248.859,106.7696,1.41,101.4625
2018-02-28,66.08,249.529,108.3903,1.42,101.7085
2018-03-31,69.02,249.577,107.4784,1.51,102.2067
2018-04-30,75.92,250.227,109.3363,1.69,103.3329
2018-05-31,76.45,250.792,111.9894,1.7,102.4024
2018-06-30,77.44,251.018,113.2586,1.82,103.198
2018-07-31,74.16,251.214,112.7299,1.91,103.3646
2018-08-31,76.94,251.663,114.2755,1.91,104.0327
2018-09-30,82.72,252.182,113.8077,1.95,104.1004
2018-10-31,74.84,252.772,116.5281,2.19,103.9856
2018-11-30,57.71,252.594,116.413,2.2,104.0681
2018-12-31,50.57,252.767,115.5674,2.27,104.0936
2019-01-31,62.46,252.561,113.5504,2.4,103.4021
2019-02-28,65.03,253.319,114.1991,2.4,102.8371
2019-03-31,67.93,254.277,115.1371,2.41,102.8757
2019-04-30,72.19,255.233,115.3281,2.42,102.274
2019-05-31,66.78,255.296,116.7273,2.39,102.392
2019-06-30,67.52,255.213,114.5821,2.38,102.4375
2019-07-31,64.07,255.802,115.4946,2.4,101.9408
2019-08-31,61.04,256.036,118.1575,2.13,102.639
2019-09-30,60.99,256.43,117.9461,2.04,102.2917
2019-10-31,59.3,257.155,115.9125,1.83,101.4281
2019-11-30,64.5,257.879,117.1204,1.55,101.9372
2019-12-31,67.77,258.63,114.669,1.55,101.7003
2020-01-31,57.77,259.127,115.7345,1.55,101.0338
2020-02-29,51.31,259.25,117.6568,1.58,101.3735
2020-03-31,14.85,258.076,122.5301,0.65,97.4078
2020-04-30,18.11,256.032,122.327,0.05,84.5619
2020-05-31,34.15,255.802,120.9458,0.05,85.9604
2020-06-30,41.64,257.042,120.4649,0.08,91.5934
2020-07-31,43.13,258.352,117.2082,0.09,95.0256
2020-08-31,45.22,259.316,115.7586,0.1,95.9549
2020-09-30,40.3,259.997,116.946,0.09,95.9669
2020-10-31,36.33,260.319,116.1354,0.09,96.7394
2020-11-30,46.84,260.911,113.2256,0.09,97.0816
2020-12-31,51.22,262.045,111.3169,0.09,98.363
2021-01-31,55.25,262.687,111.9511,0.09,98.8822
2021-02-28,65.86,263.579,112.8306,0.08,95.6149
2021-03-31,63.52,264.961,113.8234,0.07,98.3856
2021-04-30,67.73,266.614,112.0839,0.07,98.5587
2021-05-31,69.36,268.383,110.7576,0.06,99.4333
2021-06-30,76.94,270.654,112.5533,0.08,99.7987
2021-07-31,77.72,271.903,112.6714,0.1,100.2519
2021-08-31,73.45,272.676,113.1076,0.09,100.0437
2021-09-30,77.81,273.91,114.6403,0.08,98.8579
2021-10-31,83.1,276.55,114.1349,0.08,100.1861
2021-11-30,70.86,278.919,116.2071,0.08,100.8654
2021-12-31,77.24,280.845,115.283,0.08,100.5726
2022-01-31,92.35,282.543,115.566,0.08,100.1856
2022-02-28,103.08,284.5,115.2224,0.08,100.8064
2022-03-31,107.29,287.674,115.2218,0.2,101.3907
2022-04-30,108.36,288.561,119.4933,0.33,101.44
2022-05-31,125.53,291.298,118.0704,0.77,101.3335
2022-06-30,119.78,294.957,120.9652,1.21,101.018
2022-07-31,111.51,294.913,121.7678,1.68,101.223
2022-08-31,96.55,295.097,123.535,2.33,101.0963
2022-09-30,88.9,296.349,127.5148,2.56,101.2918
2022-10-31,93.3,298.007,127.6219,3.08,101.2529
2022-11-30,85.61,298.786,123.5175,3.78,100.9552
2022-12-31,82.82,298.832,121.4256,4.1,99.7664
2023-01-31,83.42,300.42,118.9802,4.33,100.505
2023-02-28,83.21,301.45,121.3341,4.57,100.6416
2023-03-31,79.19,301.821,119.3602,4.65,101.0205
2023-04-30,81.32,302.845,119.2248,4.83,101.253
2023-05-31,71.98,303.334,120.9662,5.06,100.9286
2023-06-30,74.51,304.014,119.3606,5.08,100.1196
2023-07-31,85.22,304.609,117.8241,5.12,100.9067
2023-08-31,87.29,306.082,120.225,5.33,100.8393
2023-09-30,95.86,307.276,122.3077,5.33,101.0211
2023-10-31,86.82,307.696,123.8364,5.33,100.4689
2023-11-30,81.72,308.148,120.2434,5.33,100.8639
2023-12-31,77.69,308.741,118.4208,5.33,100.6031
2024-01-31,82.98,309.698,120.4331,5.33,99.2223
2024-02-29,84.57,310.967,121.1824,5.33,100.285
2024-03-31,86.17,312.345,121.0191,5.33,100.4575
2024-04-30,88.23,313.023,122.9853,5.33,100.2434
2024-05-31,79.41,313.175,122.098,5.33,100.863
2024-06-30,87.26,313.044,124.2103,5.33,100.894
2024-07-31,81.39,313.569,123.6373,5.33,99.9757
2024-08-31,80.2,314.062,122.3262,5.33,100.4309
2024-09-30,72.35,314.732,121.2864,5.13,99.8084
2024-10-31,73.25,315.631,124.7988,4.83,99.4695
2024-11-30,74.16,316.528,126.5798,4.64,99.2925
2024-12-31,74.58,317.604,129.2775,4.48,100.3273
2025-01-31,77.11,318.961,128.4828,4.33,100.0647
2025-02-28,74.76,319.679,128.2805,4.33,101.0993
2025-03-31,77.23,319.785,126.7075,4.33,101.0404
2025-04-30,63.37,320.302,122.5921,4.33,101.1279
2025-05-31,64.32,320.62,121.7674,4.33,100.9655
2025-06-30,68.15,321.435,119.4088,4.33,101.4785
2025-07-31,73.43,322.169,121.721,4.33,101.894
2025-08-31,67.83,323.291,120.2082,4.33,101.6247
2025-09-30,68.52,324.245,120.1368,4.22,101.668
2025-10-31,65.44,324.245,121.3859,4.09,101.2075
2025-11-30,64.07,325.063,121.0527,3.88,101.3605
2025-12-31,61.35,326.031,119.7456,3.72,101.6781
